Simple Random ,Systematic,Cluster,Stratified ,Bootstrap
91.14583333333334,88.02083333333334,91.66666666666666,89.58333333333334,91.66666666666666
96.35416666666666,92.1875,95.83333333333334,94.79166666666666,93.22916666666666
89.58333333333334,89.0625,89.16666666666667,92.1875,88.54166666666666
96.35416666666666,95.83333333333334,95.0,94.79166666666666,97.39583333333334
71.35416666666666,76.04166666666666,86.66666666666667,83.33333333333334,84.89583333333334
