Simple Random ,Systematic,Cluster,Stratified ,Bootstrap
91.66666666666666,88.02083333333334,91.66666666666666,89.58333333333334,91.14583333333334
95.3125,92.1875,90.0,94.79166666666666,92.70833333333334
94.27083333333334,89.0625,93.33333333333333,92.1875,91.66666666666666
95.83333333333334,95.83333333333334,94.16666666666667,94.79166666666666,91.14583333333334
73.95833333333334,76.04166666666666,94.16666666666667,83.33333333333334,84.89583333333334
